{"cameraMode":{"drawMode":0,"name":"Shaded","section":"Shading Mode"},"sceneLighting":true,"audioPlay":false,"sceneViewState":{"showFog":true,"showMaterialUpdate":false,"showSkybox":true,"showFlares":true,"showImageEffects":true,"showParticleSystems":true},"in2DMode":false,"pivot":{"x":15.773721694946289,"y":2.317615270614624,"z":9.527971267700196},"rotation":{"x":0.039199814200401309,"y":0.27804437279701235,"z":-0.011327523738145829,"w":0.9597012400627136},"size":10.173471450805664,"orthographic":false}